{
  "file_id": "09e9acef-c958-4600-8f93-bd29947c2d47",
  "timestamp": "20250516_140057",
  "metadata": {
    "game_name": "Ghostly",
    "level": "2",
    "duration": 74.0,
    "therapist_id": "---",
    "group_id": "N/A",
    "time": "2023",
    "player_name": "Default",
    "score": 24.0
  },
  "analytics": {
    "CH1 activated": {
      "contraction_count": 14,
      "avg_duration_ms": 319.408369408368,
      "total_duration_ms": 4471.717171717152,
      "max_duration_ms": 440.40404040404064,
      "min_duration_ms": 114.1414141414134,
      "avg_amplitude": 0.00016716485726647078,
      "max_amplitude": 0.00022577000665478407
    },
    "CH1 ": {
      "contraction_count": 14,
      "avg_duration_ms": 319.408369408368,
      "total_duration_ms": 4471.717171717152,
      "max_duration_ms": 440.40404040404064,
      "min_duration_ms": 114.1414141414134,
      "avg_amplitude": 0.00016716485726647078,
      "max_amplitude": 0.00022577000665478407
    },
    "CH2 activated": {
      "contraction_count": 12,
      "avg_duration_ms": 234.00673400673335,
      "total_duration_ms": 2808.0808080808,
      "max_duration_ms": 314.1414141414134,
      "min_duration_ms": 149.49494949494692,
      "avg_amplitude": 0.00022565844682200504,
      "max_amplitude": 0.00027922243927605453
    },
    "CH2 ": {
      "contraction_count": 12,
      "avg_duration_ms": 234.00673400673335,
      "total_duration_ms": 2808.0808080808,
      "max_duration_ms": 314.1414141414134,
      "min_duration_ms": 149.49494949494692,
      "avg_amplitude": 0.00022565844682200504,
      "max_amplitude": 0.00027922243927605453
    }
  },
  "user_id": "string",
  "session_id": "string",
  "patient_id": "string",
  "plots": {}
}